# 导入权限URL控制列表
INSERT INTO `permissions` (`id`, `name`, `url_path`, `request`, `update_time`, `create_time`) VALUES (1, '用户列表', 'user-list', 'GET', '2023-10-27 14:49:43.000000', '2023-10-27 14:49:43.000000');
INSERT INTO `permissions` (`id`, `name`, `url_path`, `request`, `update_time`, `create_time`) VALUES (2, '新建用户', 'user-list', 'POST', '2023-10-27 14:49:43.000000', '2023-10-27 14:49:43.000000');
INSERT INTO `permissions` (`id`, `name`, `url_path`, `request`, `update_time`, `create_time`) VALUES (3, '用户详情', 'user-detail', 'GET', '2023-10-27 14:49:43.000000', '2023-10-27 14:49:43.000000');
INSERT INTO `permissions` (`id`, `name`, `url_path`, `request`, `update_time`, `create_time`) VALUES (4, '用户删除', 'user-detail', 'DELETE', '2023-10-27 14:49:43.000000', '2023-10-27 14:49:43.000000');
INSERT INTO `permissions` (`id`, `name`, `url_path`, `request`, `update_time`, `create_time`) VALUES (5, '用户修改', 'user-detail', 'PUT', '1900-01-20 03:27:53.785485', '1900-01-20 03:27:53.785577');
INSERT INTO `permissions` (`id`, `name`, `url_path`, `request`, `update_time`, `create_time`) VALUES (6, '部门列表', 'department-list', 'GET', '1900-01-20 03:39:05.492784', '1900-01-20 03:28:53.502496');
INSERT INTO `permissions` (`id`, `name`, `url_path`, `request`, `update_time`, `create_time`) VALUES (7, '新建部门', 'department-list', 'POST', '1900-01-20 03:29:07.103273', '1900-01-20 03:29:07.103369');
INSERT INTO `permissions` (`id`, `name`, `url_path`, `request`, `update_time`, `create_time`) VALUES (8, '部门详情', 'department-detail', 'GET', '1900-01-20 03:29:29.817684', '1900-01-20 03:29:29.817789');
INSERT INTO `permissions` (`id`, `name`, `url_path`, `request`, `update_time`, `create_time`) VALUES (9, '部门删除', 'department-detail', 'DELETE', '1900-01-20 03:29:49.888763', '1900-01-20 03:29:49.888856');
INSERT INTO `permissions` (`id`, `name`, `url_path`, `request`, `update_time`, `create_time`) VALUES (10, '部门修改', 'department-detail', 'PUT', '1900-01-20 03:30:00.592905', '1900-01-20 03:30:00.592970');
INSERT INTO `permissions` (`id`, `name`, `url_path`, `request`, `update_time`, `create_time`) VALUES (11, '项目列表', 'project-list', 'GET', '1900-01-20 03:39:48.166408', '1900-01-20 03:39:48.166573');
INSERT INTO `permissions` (`id`, `name`, `url_path`, `request`, `update_time`, `create_time`) VALUES (12, '新建项目', 'project-list', 'POST', '1900-01-20 03:40:06.841110', '1900-01-20 03:40:06.841164');
INSERT INTO `permissions` (`id`, `name`, `url_path`, `request`, `update_time`, `create_time`) VALUES (13, '项目详情', 'project-detail', 'GET', '1900-01-20 03:46:57.009726', '1900-01-20 03:46:57.009931');
INSERT INTO `permissions` (`id`, `name`, `url_path`, `request`, `update_time`, `create_time`) VALUES (14, '项目删除', 'project-detail', 'DELETE', '1900-01-20 03:47:55.642106', '1900-01-20 03:47:55.642193');
INSERT INTO `permissions` (`id`, `name`, `url_path`, `request`, `update_time`, `create_time`) VALUES (15, '项目修改', 'project-detail', 'PUT', '1900-01-20 03:48:07.027776', '1900-01-20 03:48:07.027877');
INSERT INTO `permissions` (`id`, `name`, `url_path`, `request`, `update_time`, `create_time`) VALUES (16, '服务列表', 'server-list', 'GET', '1900-01-20 03:48:55.683032', '1900-01-20 03:48:55.683229');
INSERT INTO `permissions` (`id`, `name`, `url_path`, `request`, `update_time`, `create_time`) VALUES (17, '新建服务', 'server-list', 'POST', '1900-01-20 03:49:38.876371', '1900-01-20 03:49:38.876548');
INSERT INTO `permissions` (`id`, `name`, `url_path`, `request`, `update_time`, `create_time`) VALUES (18, '服务详情', 'server-detail', 'GET', '1900-01-20 03:49:56.404717', '1900-01-20 03:49:56.404799');
INSERT INTO `permissions` (`id`, `name`, `url_path`, `request`, `update_time`, `create_time`) VALUES (19, '服务修改', 'server-detail', 'PUT', '1900-01-20 03:50:19.426145', '1900-01-20 03:50:19.426265');
INSERT INTO `permissions` (`id`, `name`, `url_path`, `request`, `update_time`, `create_time`) VALUES (20, '服务删除', 'server-detail', 'DELETE', '1900-01-20 03:50:56.965561', '1900-01-20 03:50:56.965867');
INSERT INTO `permissions` (`id`, `name`, `url_path`, `request`, `update_time`, `create_time`) VALUES (21, '工单列表', 'work_order-list', 'GET', '1900-01-20 03:51:21.886028', '1900-01-20 03:51:21.886153');
INSERT INTO `permissions` (`id`, `name`, `url_path`, `request`, `update_time`, `create_time`) VALUES (22, '新建工单', 'work_order-list', 'POST', '1900-01-20 03:51:36.328437', '1900-01-20 03:51:36.328553');
INSERT INTO `permissions` (`id`, `name`, `url_path`, `request`, `update_time`, `create_time`) VALUES (23, '工单详情', 'work_order-detail', 'GET', '1900-01-20 03:51:54.533743', '1900-01-20 03:51:54.533780');
INSERT INTO `permissions` (`id`, `name`, `url_path`, `request`, `update_time`, `create_time`) VALUES (24, '工单修改', 'work_order-detail', 'PUT', '1900-01-20 03:52:07.260394', '1900-01-20 03:52:07.260513');
INSERT INTO `permissions` (`id`, `name`, `url_path`, `request`, `update_time`, `create_time`) VALUES (25, '工单删除', 'work_order-detail', 'DELETE', '1900-01-20 03:52:20.949007', '1900-01-20 03:52:20.949233');
INSERT INTO `permissions` (`id`, `name`, `url_path`, `request`, `update_time`, `create_time`) VALUES (26, '权限列表', 'permissions-list', 'GET', '1900-01-20 03:52:53.297027', '1900-01-20 03:52:53.297118');
INSERT INTO `permissions` (`id`, `name`, `url_path`, `request`, `update_time`, `create_time`) VALUES (27, '新建权限', 'permissions-list', 'POST', '1900-01-20 03:53:02.294514', '1900-01-20 03:53:02.294572');
INSERT INTO `permissions` (`id`, `name`, `url_path`, `request`, `update_time`, `create_time`) VALUES (28, '权限详情', 'permissions-detail', 'GET', '1900-01-20 03:53:19.280138', '1900-01-20 03:53:19.280246');
INSERT INTO `permissions` (`id`, `name`, `url_path`, `request`, `update_time`, `create_time`) VALUES (29, '权限修改', 'permissions-detail', 'PUT', '1900-01-20 03:53:33.340929', '1900-01-20 03:53:33.341116');
INSERT INTO `permissions` (`id`, `name`, `url_path`, `request`, `update_time`, `create_time`) VALUES (30, '权限删除', 'permissions-detail', 'DELETE', '1900-01-20 03:53:44.830484', '1900-01-20 03:53:44.830624');
INSERT INTO `permissions` (`id`, `name`, `url_path`, `request`, `update_time`, `create_time`) VALUES (31, '角色列表', 'roles-list', 'GET', '1900-01-20 03:54:04.022226', '1900-01-20 03:54:04.022401');
INSERT INTO `permissions` (`id`, `name`, `url_path`, `request`, `update_time`, `create_time`) VALUES (32, '新建角色', 'roles-list', 'POST', '1900-01-20 03:54:15.286373', '1900-01-20 03:54:15.286465');
INSERT INTO `permissions` (`id`, `name`, `url_path`, `request`, `update_time`, `create_time`) VALUES (33, '角色详情', 'roles-detail', 'GET', '1900-01-20 03:54:56.266380', '1900-01-20 03:54:56.266559');
INSERT INTO `permissions` (`id`, `name`, `url_path`, `request`, `update_time`, `create_time`) VALUES (34, '角色修改', 'roles-detail', 'PUT', '1900-01-20 03:55:18.911640', '1900-01-20 03:55:18.911846');
INSERT INTO `permissions` (`id`, `name`, `url_path`, `request`, `update_time`, `create_time`) VALUES (35, '角色删除', 'roles-detail', 'DELETE', '1900-01-20 03:55:30.156536', '1900-01-20 03:55:30.156643');
INSERT INTO `permissions` (`id`, `name`, `url_path`, `request`, `update_time`, `create_time`) VALUES (36, '用户修改密码', 'change_password', 'POST', '1900-01-20 03:22:05.905825', '1900-01-20 13:06:07.685714');
INSERT INTO `permissions` (`id`, `name`, `url_path`, `request`, `update_time`, `create_time`) VALUES (37, '我的工单列表', 'my_work_order-list', 'GET', '1900-01-20 07:05:05.460282', '1900-01-20 07:05:05.460612');
INSERT INTO `permissions` (`id`, `name`, `url_path`, `request`, `update_time`, `create_time`) VALUES (38, '新建我的工单', 'my_work_order-list', 'POST', '1900-01-20 07:05:24.432428', '1900-01-20 07:05:24.432508');
INSERT INTO `permissions` (`id`, `name`, `url_path`, `request`, `update_time`, `create_time`) VALUES (39, '我的工单详情', 'my_work_order-detail', 'GET', '1900-01-20 07:06:09.792593', '1900-01-20 07:06:09.792669');
INSERT INTO `permissions` (`id`, `name`, `url_path`, `request`, `update_time`, `create_time`) VALUES (40, '我的工单修改', 'my_work_order-detail', 'PUT', '1900-01-20 07:06:19.448572', '1900-01-20 07:06:19.448668');
INSERT INTO `permissions` (`id`, `name`, `url_path`, `request`, `update_time`, `create_time`) VALUES (41, '我的工单删除', 'my_work_order-detail', 'DELETE', '1900-01-20 07:06:30.485972', '1900-01-20 07:06:30.486059');
INSERT INTO `permissions` (`id`, `name`, `url_path`, `request`, `update_time`, `create_time`) VALUES (42, '主版本列表', 'master_version-list', 'GET', '1900-01-20 03:28:45.143820', '1900-01-20 03:28:45.144010');
INSERT INTO `permissions` (`id`, `name`, `url_path`, `request`, `update_time`, `create_time`) VALUES (43, '新建主版本', 'master_version-list', 'POST', '1900-01-20 03:29:13.800517', '1900-01-20 03:29:13.800542');
INSERT INTO `permissions` (`id`, `name`, `url_path`, `request`, `update_time`, `create_time`) VALUES (44, '主版本详情', 'master_version-detail', 'GET', '1900-01-20 03:29:47.490448', '1900-01-20 03:29:47.490546');
INSERT INTO `permissions` (`id`, `name`, `url_path`, `request`, `update_time`, `create_time`) VALUES (45, '主版本修改', 'master_version-detail', 'PUT', '1900-01-20 03:29:59.956825', '1900-01-20 03:29:59.956914');
INSERT INTO `permissions` (`id`, `name`, `url_path`, `request`, `update_time`, `create_time`) VALUES (46, '主版本删除', 'master_version-detail', 'DELETE', '1900-01-20 03:30:17.330354', '1900-01-20 03:30:17.330398');
INSERT INTO `permissions` (`id`, `name`, `url_path`, `request`, `update_time`, `create_time`) VALUES (47, '工单仪表盘', 'work_order_echart', 'GET', '1900-01-20 09:20:57.081883', '1900-01-20 09:20:57.082074');

# 导入角色
INSERT INTO `role` (`id`, `role`, `name`, `update_time`, `create_time` ) VALUES (1, 'admin', '管理员', '2023-10-30 15:29:13.446812', '2023-10-30 15:29:13.446812');
INSERT INTO `role` (`id`, `role`, `name`, `update_time`, `create_time` ) VALUES (2, 'user', '普通用户', '2023-10-30 15:29:13.446812', '2023-10-30 15:29:13.446812');

# 导入角色与权限绑定
INSERT INTO `role_permissions` (`id`, `roles_id`, `permissions_id`) VALUES (442, 1, 1);
INSERT INTO `role_permissions` (`id`, `roles_id`, `permissions_id`) VALUES (443, 1, 2);
INSERT INTO `role_permissions` (`id`, `roles_id`, `permissions_id`) VALUES (444, 1, 3);
INSERT INTO `role_permissions` (`id`, `roles_id`, `permissions_id`) VALUES (445, 1, 4);
INSERT INTO `role_permissions` (`id`, `roles_id`, `permissions_id`) VALUES (446, 1, 5);
INSERT INTO `role_permissions` (`id`, `roles_id`, `permissions_id`) VALUES (447, 1, 6);
INSERT INTO `role_permissions` (`id`, `roles_id`, `permissions_id`) VALUES (448, 1, 7);
INSERT INTO `role_permissions` (`id`, `roles_id`, `permissions_id`) VALUES (449, 1, 8);
INSERT INTO `role_permissions` (`id`, `roles_id`, `permissions_id`) VALUES (450, 1, 9);
INSERT INTO `role_permissions` (`id`, `roles_id`, `permissions_id`) VALUES (451, 1, 10);
INSERT INTO `role_permissions` (`id`, `roles_id`, `permissions_id`) VALUES (452, 1, 11);
INSERT INTO `role_permissions` (`id`, `roles_id`, `permissions_id`) VALUES (453, 1, 12);
INSERT INTO `role_permissions` (`id`, `roles_id`, `permissions_id`) VALUES (454, 1, 13);
INSERT INTO `role_permissions` (`id`, `roles_id`, `permissions_id`) VALUES (455, 1, 14);
INSERT INTO `role_permissions` (`id`, `roles_id`, `permissions_id`) VALUES (456, 1, 15);
INSERT INTO `role_permissions` (`id`, `roles_id`, `permissions_id`) VALUES (457, 1, 16);
INSERT INTO `role_permissions` (`id`, `roles_id`, `permissions_id`) VALUES (458, 1, 17);
INSERT INTO `role_permissions` (`id`, `roles_id`, `permissions_id`) VALUES (459, 1, 18);
INSERT INTO `role_permissions` (`id`, `roles_id`, `permissions_id`) VALUES (460, 1, 19);
INSERT INTO `role_permissions` (`id`, `roles_id`, `permissions_id`) VALUES (461, 1, 20);
INSERT INTO `role_permissions` (`id`, `roles_id`, `permissions_id`) VALUES (462, 1, 21);
INSERT INTO `role_permissions` (`id`, `roles_id`, `permissions_id`) VALUES (463, 1, 22);
INSERT INTO `role_permissions` (`id`, `roles_id`, `permissions_id`) VALUES (464, 1, 23);
INSERT INTO `role_permissions` (`id`, `roles_id`, `permissions_id`) VALUES (465, 1, 24);
INSERT INTO `role_permissions` (`id`, `roles_id`, `permissions_id`) VALUES (466, 1, 25);
INSERT INTO `role_permissions` (`id`, `roles_id`, `permissions_id`) VALUES (467, 1, 26);
INSERT INTO `role_permissions` (`id`, `roles_id`, `permissions_id`) VALUES (468, 1, 27);
INSERT INTO `role_permissions` (`id`, `roles_id`, `permissions_id`) VALUES (469, 1, 28);
INSERT INTO `role_permissions` (`id`, `roles_id`, `permissions_id`) VALUES (470, 1, 29);
INSERT INTO `role_permissions` (`id`, `roles_id`, `permissions_id`) VALUES (471, 1, 30);
INSERT INTO `role_permissions` (`id`, `roles_id`, `permissions_id`) VALUES (472, 1, 31);
INSERT INTO `role_permissions` (`id`, `roles_id`, `permissions_id`) VALUES (473, 1, 32);
INSERT INTO `role_permissions` (`id`, `roles_id`, `permissions_id`) VALUES (474, 1, 33);
INSERT INTO `role_permissions` (`id`, `roles_id`, `permissions_id`) VALUES (475, 1, 34);
INSERT INTO `role_permissions` (`id`, `roles_id`, `permissions_id`) VALUES (476, 1, 35);
INSERT INTO `role_permissions` (`id`, `roles_id`, `permissions_id`) VALUES (477, 1, 36);
INSERT INTO `role_permissions` (`id`, `roles_id`, `permissions_id`) VALUES (478, 1, 37);
INSERT INTO `role_permissions` (`id`, `roles_id`, `permissions_id`) VALUES (479, 1, 38);
INSERT INTO `role_permissions` (`id`, `roles_id`, `permissions_id`) VALUES (480, 1, 39);
INSERT INTO `role_permissions` (`id`, `roles_id`, `permissions_id`) VALUES (481, 1, 40);
INSERT INTO `role_permissions` (`id`, `roles_id`, `permissions_id`) VALUES (482, 1, 41);
INSERT INTO `role_permissions` (`id`, `roles_id`, `permissions_id`) VALUES (483, 1, 42);
INSERT INTO `role_permissions` (`id`, `roles_id`, `permissions_id`) VALUES (484, 1, 43);
INSERT INTO `role_permissions` (`id`, `roles_id`, `permissions_id`) VALUES (485, 1, 44);
INSERT INTO `role_permissions` (`id`, `roles_id`, `permissions_id`) VALUES (486, 1, 45);
INSERT INTO `role_permissions` (`id`, `roles_id`, `permissions_id`) VALUES (487, 1, 46);
INSERT INTO `role_permissions` (`id`, `roles_id`, `permissions_id`) VALUES (488, 1, 47);
INSERT INTO `role_permissions` (`id`, `roles_id`, `permissions_id`) VALUES (618, 2, 1);
INSERT INTO `role_permissions` (`id`, `roles_id`, `permissions_id`) VALUES (619, 2, 6);
INSERT INTO `role_permissions` (`id`, `roles_id`, `permissions_id`) VALUES (620, 2, 7);
INSERT INTO `role_permissions` (`id`, `roles_id`, `permissions_id`) VALUES (621, 2, 8);
INSERT INTO `role_permissions` (`id`, `roles_id`, `permissions_id`) VALUES (622, 2, 9);
INSERT INTO `role_permissions` (`id`, `roles_id`, `permissions_id`) VALUES (623, 2, 10);
INSERT INTO `role_permissions` (`id`, `roles_id`, `permissions_id`) VALUES (624, 2, 11);
INSERT INTO `role_permissions` (`id`, `roles_id`, `permissions_id`) VALUES (625, 2, 12);
INSERT INTO `role_permissions` (`id`, `roles_id`, `permissions_id`) VALUES (626, 2, 13);
INSERT INTO `role_permissions` (`id`, `roles_id`, `permissions_id`) VALUES (627, 2, 14);
INSERT INTO `role_permissions` (`id`, `roles_id`, `permissions_id`) VALUES (628, 2, 15);
INSERT INTO `role_permissions` (`id`, `roles_id`, `permissions_id`) VALUES (629, 2, 16);
INSERT INTO `role_permissions` (`id`, `roles_id`, `permissions_id`) VALUES (630, 2, 17);
INSERT INTO `role_permissions` (`id`, `roles_id`, `permissions_id`) VALUES (631, 2, 18);
INSERT INTO `role_permissions` (`id`, `roles_id`, `permissions_id`) VALUES (632, 2, 19);
INSERT INTO `role_permissions` (`id`, `roles_id`, `permissions_id`) VALUES (633, 2, 20);
INSERT INTO `role_permissions` (`id`, `roles_id`, `permissions_id`) VALUES (634, 2, 21);
INSERT INTO `role_permissions` (`id`, `roles_id`, `permissions_id`) VALUES (635, 2, 22);
INSERT INTO `role_permissions` (`id`, `roles_id`, `permissions_id`) VALUES (636, 2, 23);
INSERT INTO `role_permissions` (`id`, `roles_id`, `permissions_id`) VALUES (637, 2, 24);
INSERT INTO `role_permissions` (`id`, `roles_id`, `permissions_id`) VALUES (638, 2, 25);
INSERT INTO `role_permissions` (`id`, `roles_id`, `permissions_id`) VALUES (639, 2, 26);
INSERT INTO `role_permissions` (`id`, `roles_id`, `permissions_id`) VALUES (640, 2, 37);
INSERT INTO `role_permissions` (`id`, `roles_id`, `permissions_id`) VALUES (641, 2, 38);
INSERT INTO `role_permissions` (`id`, `roles_id`, `permissions_id`) VALUES (648, 2, 39);
INSERT INTO `role_permissions` (`id`, `roles_id`, `permissions_id`) VALUES (649, 2, 40);
INSERT INTO `role_permissions` (`id`, `roles_id`, `permissions_id`) VALUES (650, 2, 41);
INSERT INTO `role_permissions` (`id`, `roles_id`, `permissions_id`) VALUES (642, 2, 42);
INSERT INTO `role_permissions` (`id`, `roles_id`, `permissions_id`) VALUES (643, 2, 43);
INSERT INTO `role_permissions` (`id`, `roles_id`, `permissions_id`) VALUES (644, 2, 44);
INSERT INTO `role_permissions` (`id`, `roles_id`, `permissions_id`) VALUES (645, 2, 45);
INSERT INTO `role_permissions` (`id`, `roles_id`, `permissions_id`) VALUES (646, 2, 46);
INSERT INTO `role_permissions` (`id`, `roles_id`, `permissions_id`) VALUES (647, 2, 47);


# 导入用户与token
INSERT INTO `user` (`id`, `username`, `password`, `name`, `status`, `department`, `position`, `mobile`, `email`, `last_login`, `create_time`, `update_time`, `role_id`) VALUES (1, 'admin', '0a7a6deda2e60f09352d3f4f92220911', '管理员', '启用', NULL, NULL, '18113150921', 'admin@admin.com', '1900-01-20 10:14:55.648898', '1900-01-20 10:14:55.648898', '1900-01-20 10:14:55.648898', 1);
INSERT INTO `user` (`id`, `username`, `password`, `name`, `status`, `department`, `position`, `mobile`, `email`, `last_login`, `create_time`, `update_time`, `role_id`) VALUES (3, 'zhangsan', '0a7a6deda2e60f09352d3f4f92220911', '张三', '启用', '', '', '15809121913', 'zhangsan@qq.com', '2023-10-27 18:20:01.653207', '2023-10-27 18:11:55.648387', '2023-10-27 18:20:01.653229', 2);
INSERT INTO `user` (`id`, `username`, `password`, `name`, `status`, `department`, `position`, `mobile`, `email`, `last_login`, `create_time`, `update_time`, `role_id`) VALUES (4, 'lisi', '0a7a6deda2e60f09352d3f4f92220911', '李四', '启用', '', '', '15881230918', 'lisi@qq.com', '2023-10-27 18:20:05.683197', '2023-10-27 18:19:37.182534', '2023-10-27 18:20:05.683219', 2);
INSERT INTO `token` (`id`, `token_key`, `created`, `User_id`) VALUES (1, '0ba8aa08-6f39-4842-a2ab-18b522dfc917', '1900-01-20 02:44:52.761409', 1);
INSERT INTO `token` (`id`, `token_key`, `created`, `User_id`) VALUES (3, '778e6e8d-fd1e-49e3-8527-9046873dea88', '2023-10-27 18:11:55.653173', 3);
INSERT INTO `token` (`id`, `token_key`, `created`, `User_id`) VALUES (4, '186edf64-aee6-4ca6-a21e-478c4b608374', '2023-10-27 18:19:37.186820', 4);
